frame,rmse,mae,max_abs,ref_min,ref_max,ref_mean,ref_std
0,0.039815396517064755,0.0028183128528417667,1.116198016,-0.20067969,0.43479985,0.001955542755861847,0.02639321618520878
1,0.031799779139303735,0.0020042540388183596,0.9753177800000001,-0.20543739,0.34404457,0.0018493886025390625,0.02302596332535255
2,0.03750906831919306,0.003392599788330078,0.717056475,-0.25082967,0.32410145,0.002103461362792969,0.0243398658510947
3,0.04271098933378016,0.0043202753814697275,0.46207812,-0.25416267,0.33014682,0.0024952535498046872,0.02687838036520567
4,0.05274009406899704,0.005595885836242676,0.5598470600000001,-0.24708886,0.34001446,0.002898664607421875,0.029491036860883307
5,0.06258736917439889,0.006861984761364745,0.6504870599999999,-0.20269617,0.30279312,0.0029275635482421875,0.027854583007550542
6,0.06398364916223266,0.0073552337998962405,0.6427516,-0.17623535,0.29060775,0.003042629781555176,0.02761715975362806
7,0.07480045102275092,0.009319280611404114,0.69185303,-0.09003356,0.20624818,0.002780224261666565,0.022402579541271297
8,0.03884060306802949,0.004705401101106262,0.39226685000000006,-0.096564375,0.17442137,0.002409345216609192,0.0193283655780396
9,0.03839034114841433,0.004879809733096313,0.41882207000000005,-0.13499662,0.15463692,0.0022806814426940916,0.01778093489806584
10,0.03493940309859765,0.004257466775491333,0.35674761,-0.1556097,0.12726592,0.0018242794216522214,0.0144746071849811
11,0.03139293740054143,0.004003747464305725,0.4251988099999999,-0.1886216,0.1243762,0.001703542520555725,0.013892202126753673
12,0.023226844414566367,0.0029936848343170164,0.36587412999999996,-0.35025918,0.15679926,0.0018781431017333983,0.01726896282272052
13,0.02459576409030888,0.003182605798191833,0.44978821,-0.30177176,0.1828759,0.0022039656061035155,0.019260998905310082
14,0.027033874272679857,0.0036249221130158385,0.46194738,-0.45839113,0.1649453,0.0018337334706922301,0.01858910760523577
15,0.024561543649692145,0.00331179798579834,0.42367729,-0.42864624,0.17639016,0.0019387012810943606,0.019166178316620937
16,0.02649308314253007,0.0036779502454833985,0.37765934,-0.5964577,0.22203745,0.00219371740892334,0.023971427602189264
17,0.0342500198374531,0.004921013400822143,0.4563077,-0.5925053,0.18437913,0.0023295002735317996,0.02234103913861625
18,0.022657028876546637,0.003245112059803223,0.3729596,-0.60785246,0.12900642,0.0013543862951853026,0.01800974393231581
19,0.01872388707349109,0.002693781499018555,0.35291945999999996,-0.6073114,0.12159295,0.0012200901062673951,0.018355226108551777
20,0.01937901900452055,0.002834415974378235,0.34129830000000005,-0.58517265,0.116103634,0.00116221547078125,0.017643015273365776
21,0.017543558997244052,0.002622761440193176,0.3011063,-0.57215005,0.12385738,0.0011872673899124145,0.01803042513381196
22,0.020647741309358206,0.003164030490720078,0.25311320000000004,-0.568103,0.12332212,0.0012697309850381315,0.017856080467241662
23,0.021769422205119914,0.0032740808863969423,0.23350571999999997,-0.563686,0.09837833,0.0010210461503369142,0.016215619615924236
24,0.017219960460721474,0.0024943960823599243,0.257969,-0.5670361,0.09763929,0.0008114602044396972,0.01539810595535285
25,0.015939231021044716,0.002413797657769165,0.245057,-0.5723698,0.10524264,0.0008443692156188964,0.016240393825387233
26,0.01704112193658893,0.002611314879586609,0.27103042,-0.58470494,0.10400615,0.0008691187016938477,0.017385561966062023
27,0.020485422583015365,0.0032498619209083554,0.27654716,-0.5788861,0.12460733,0.0011984183842144776,0.019114227805400952
28,0.023525794040471074,0.003968860774523925,0.30911370000000005,-0.58433807,0.16595446,0.0016837666379629517,0.022560756460361663
29,0.033130448087525875,0.005600513042342997,0.32844112000000003,-0.5835684,0.1828094,0.0019029183949586395,0.024320400181615465
30,0.043945702701580366,0.007396940362509461,0.45457682999999993,-0.5748277,0.14996794,0.001587024457519226,0.021228106119767765
31,0.03278579912678604,0.005507612947539673,0.34806995,-0.5753399,0.14961879,0.0016673657486511232,0.02147111660948595
32,0.03527072891780008,0.0059852136691369625,0.43310588499999997,-0.5754412,0.13975345,0.0015302534388815306,0.02089428410038228
33,0.03317587886665353,0.00569427422208435,0.46433625999999995,-0.5773782,0.12603432,0.0012670081937472535,0.020156269346179565
34,0.0309502482749065,0.005395810546225891,0.48040113400000006,-0.576082,0.12319021,0.001239827011775818,0.02027858466940404
35,0.02897155997592901,0.005112333766608888,0.443007025,-0.58945334,0.10430417,0.0006057725570315552,0.019238301061334562
36,0.026565455015456266,0.004770718592180634,0.41577669,-0.5989005,0.08840584,0.00010451123965805053,0.01941607227223543
37,0.027111822911634012,0.004866277170568084,0.46451184999999995,-0.6061141,0.082191795,-0.0002977928579231262,0.020096406096178326
38,0.026227525086805873,0.004671836317522278,0.380020985,-0.61317694,0.083140746,-0.0005498148682199096,0.020582319048520703
39,0.023635073284996855,0.004105036988183288,0.42886940999999995,-0.62899894,0.12718341,-0.000633233463611145,0.023656699547641307
40,0.02554533190829518,0.00458330037307825,0.31039122,-0.62120163,0.103359744,-0.0007843804365242006,0.022832164146886928
41,0.027098782777470073,0.004610528948511291,0.4557787,-0.6169352,0.0839189,-0.0010955919059577027,0.0221209073090405
42,0.026959663712310986,0.0046453769301132205,0.38650771,-0.61580604,0.08187512,-0.000972785459461975,0.021819352850730292
43,0.026354375026508718,0.004631979099872619,0.47383956000000005,-0.6253884,0.06336624,-0.0015189557188644408,0.021859247951774793
44,0.023610800032089506,0.004298530384128021,0.36810583999999996,-0.623411,0.08475083,-0.001431132327745758,0.021417868188295067
45,0.01921074644502697,0.003491617387506775,0.31109122,-0.63152766,0.07878413,-0.0012066075757526857,0.02181445564541457
46,0.018522173697179456,0.003446984217629639,0.30087768000000004,-0.62218714,0.099855095,-0.0012299052249368895,0.021080199528779597
47,0.017650348141977124,0.0032364146305455324,0.2991354,-0.6144707,0.10871259,-0.0008588650035596924,0.02035767236790843
48,0.01310705216673278,0.002154975354929916,0.2720103,-0.609856,0.1229533,-0.0008640501801491698,0.020796832905728164
49,0.014758730684939892,0.0024899098191520385,0.47567974999999996,-0.6022242,0.13105623,-0.0008071355748849486,0.022139902748980176
50,0.013793238460265948,0.0024504888769609984,0.28381264,-0.5999254,0.12216753,-0.0008039198953650819,0.023088901983328747
51,0.014600042501470945,0.002766417370398621,0.245703049,-0.5987031,0.11116578,-0.0009145835962077027,0.024081472252108486
52,0.014711281744291965,0.0028374180538345644,0.22839473000000002,-0.5944434,0.10532964,-0.0008507294416051942,0.02430722097337269
53,0.015973101336912654,0.003369400733663656,0.26289675999999995,-0.58687025,0.109736785,-0.0009752048620394897,0.025206561380421873
54,0.01762640665497213,0.0035338139783716123,0.38447845999999997,-0.5819697,0.09101109,-0.0010368200204618225,0.02539857945230912
55,0.01590570828776646,0.003431180658638886,0.231740234,-0.5782437,0.11423741,-0.0008582587551269226,0.026048723154716586
56,0.019886709016089948,0.004196531434370026,0.21396778,-0.56486976,0.12400677,-0.00048775670326718136,0.025713906220161637
57,0.024842204659450497,0.0052330334531825555,0.25097331,-0.55541384,0.12355999,-0.00026329906723376466,0.025362329023590625
58,0.03375453774247287,0.007004802524433288,0.42323299000000003,-0.5490135,0.10534694,-0.00023792079483276368,0.02515531516960271
59,0.032013631680684614,0.006691806641073181,0.399265757,-0.5501927,0.100300364,-0.000572013358708313,0.02521013824615112
60,0.02507698823010727,0.005259217336889161,0.308476795,-0.54978687,0.10515522,-0.0007456173473327635,0.024939759446976843
61,0.018305256233223034,0.003923019418056366,0.21347973999999997,-0.5538064,0.11499252,-0.0006573693658673095,0.0261012111235733
62,0.02527929407675549,0.0053688716444326295,0.29791861,-0.54359615,0.108673126,-0.0007159154948999939,0.025163423537905356
63,0.02094595247698099,0.004494017237078613,0.271587994,-0.5416303,0.11728894,-0.001134288848630188,0.02502471561650426
64,0.016579345844951972,0.003599423286895798,0.24039184000000002,-0.5395616,0.115270644,-0.001357104870463608,0.025377282979570277
65,0.016039336430712488,0.003455775146769702,0.28107181999999997,-0.5410356,0.100624435,-0.0015788791043702699,0.026445303902266074
66,0.02427386544112457,0.005173732997455872,0.34331304,-0.5352617,0.10339079,-0.0018170149476440123,0.026232338183808254
67,0.02454880156914614,0.0052488805102740175,0.40255657999999994,-0.5269376,0.11360576,-0.0019883507794074707,0.026034956073907375
68,0.027349651400787114,0.0060641204855184936,0.31837413600000003,-0.50315005,0.14699776,-0.0017312022841156007,0.026442661189189996
69,0.016752170896893594,0.0036265273511802976,0.24599163,-0.50632006,0.13269264,-0.001902685217403046,0.026236191438849633
70,0.017567857547951926,0.0039009979954657136,0.25446769999999996,-0.48829263,0.14091074,-0.0012768479553240202,0.025745476903534577
71,0.018288344423293152,0.004150244986085205,0.25614544,-0.4684786,0.15162367,-0.00011230596404388433,0.02525305604009003
72,0.016396024428712224,0.0037992616601108704,0.22181069,-0.47465536,0.12922812,-0.0011774822476909486,0.025406567154994744
73,0.016631813332961556,0.003992635317724579,0.1981591,-0.46764672,0.12595709,-0.0011476572227445984,0.02575742084921951
74,0.018431518681387087,0.004604873145471802,0.20215153400000002,-0.45758647,0.12633574,-0.0008219843604846191,0.025478604575885015
75,0.019598792571277487,0.004628432979166992,0.19854333,-0.4205016,0.16730705,0.0011493961563402099,0.026304169290166855
76,0.01889246820742295,0.004777537235502106,0.23951296,-0.4228573,0.15980378,0.0019618887052167662,0.02628513865483748
77,0.023680465979028127,0.005950536982303558,0.21935268000000002,-0.4404411,0.14268377,0.0009207092082533264,0.0254777886040459
78,0.025817012200561013,0.006523837534151977,0.2300439,-0.43943772,0.14378935,0.001277011997781494,0.02558312659058334
79,0.02924252833195909,0.007718481615163512,0.25264408,-0.43910882,0.13902998,0.0013175702858959353,0.02571880978937548
80,0.028500342369188275,0.006926136389661559,0.22707159000000002,-0.42281005,0.17380582,0.0030643251062617495,0.027924580540898504
81,0.03247452164952798,0.009024900302236205,0.27410290000000004,-0.44322038,0.14276622,0.002025101605252319,0.026075203040258545
82,0.029172732949658827,0.00756061415722821,0.246418564,-0.4527804,0.1317296,0.0014417489138896485,0.02561046639454053
83,0.033402525895723796,0.008952393146465454,0.27152152,-0.453159,0.12677641,0.0012909802955532836,0.025416500947412452
84,0.03684461442716421,0.010505559554218247,0.29299223,-0.45499742,0.11520269,0.0007996903660872346,0.025274062051673447
85,0.03640402527599332,0.010239357949007691,0.29040245400000003,-0.45623776,0.11871633,0.0012410978868992919,0.025363527181301467
86,0.034063980669525824,0.009110949588220979,0.270022571,-0.43463835,0.14715102,0.0036388798097346494,0.027307790814069418
87,0.04239259885792201,0.012305593935645478,0.305791056,-0.433832,0.14331177,0.003761254191141907,0.02735905960674943
88,0.049100563144299794,0.014443521096693238,0.3285270809,-0.4327829,0.1372503,0.0033663180863475342,0.02677828343754571
89,0.05432365784140986,0.016466084834480782,0.344332956,-0.4325693,0.1397923,0.003228562560770072,0.026952123005258385
90,0.05023574438302395,0.015429300841295073,0.33472175,-0.43459705,0.1276519,0.0033463238875248106,0.026538548456563605
91,0.04533901449004677,0.013195595505033323,0.307905535,-0.43091038,0.13294372,0.0036089539603588253,0.02689133411257621
92,0.05260368883619079,0.016008390059008483,0.334203954,-0.4034137,0.17768621,0.0064000893115914925,0.03151306088978011
93,0.07810638559968996,0.024484676324441533,0.416410856,-0.41755867,0.13532053,0.004469710080632325,0.02782571291842089
94,0.07300125895553607,0.022824105725787837,0.39124824,-0.3975257,0.1985079,0.006904574230124633,0.033232006203273705
95,0.07907786001870927,0.0250696760869754,0.43232953,-0.41977432,0.1388694,0.004900797088756714,0.028670091033834503
96,0.07339377810554963,0.023278658281131896,0.38991527,-0.42031235,0.17151977,0.004657906191448059,0.029424642828862348
97,0.0846864265912933,0.026788768699594574,0.57863247,-0.42944023,0.12903099,0.0032007225175764466,0.02668665531957703
98,0.07195827460771981,0.022945645048776275,0.41289345,-0.43144017,0.12730156,0.002547981562245453,0.02669426442798811
99,0.07384758955611913,0.02374975501557308,0.41061231,-0.42674893,0.13324045,0.0033094650955505798,0.027913900733222613
100,0.07704546381259479,0.024740071087665863,0.42486974000000005,-0.39653924,0.22836389,0.006617423292311554,0.03460241253534082
101,0.09750513682205722,0.030905768173316653,0.72416692,-0.37460092,0.24563651,0.008677181764788818,0.03746890982362957
102,0.1278814655201013,0.04102875538175037,0.9740114799999999,-0.4002105,0.19245142,0.004859734884732177,0.03131770510350983
103,0.11870743690957958,0.03771051455992209,0.98746228,-0.39604855,0.19418575,0.0050164847612509155,0.032164120710392895
104,0.1238638013133591,0.039819273844949585,1.0289789,-0.40517238,0.20791045,0.003697340891082062,0.03189004917379152
105,0.11637102249592218,0.03744611092772779,0.9800535200000001,-0.39836365,0.20241147,0.004128762527861938,0.03233969910704704
106,0.11770112765530978,0.03787309646617752,1.01037687,-0.38525462,0.26331297,0.004902415115211638,0.03455268741284418
107,0.12809084715456673,0.040887522994304815,1.16871244,-0.37956876,0.2337142,0.004873240942709961,0.033898067228391456
108,0.13004617512806768,0.04122506521431122,1.2906517199999998,-0.38211396,0.17217258,0.004708891173126221,0.032883208332198995
109,0.11511595739555773,0.03722706193827472,1.02435638,-0.40202707,0.2026927,0.0039028673462647703,0.0337990050882269
110,0.1116100994292186,0.035829544993712825,1.00883335,-0.40983748,0.2627378,0.004510234791727814,0.03549972077752818
111,0.11063288187126814,0.03521906322658218,1.14021954,-0.43434733,0.30950475,0.0049067699297438054,0.03863546880278653
112,0.10977879733739018,0.03476013590735093,1.15815015,-0.4367405,0.26426435,0.003745506973993674,0.036431766982140276
113,0.09327626666511378,0.02910900927411597,1.03510224,-0.4114966,0.29808542,0.00605780297360559,0.038369317282069666
114,0.10991574108478663,0.03495084738233083,1.1383868,-0.44922954,0.28173697,0.0034251132712153137,0.03693921257809648
115,0.10032335067734567,0.03180579702506729,1.02885618,-0.4758408,0.36465874,0.003917448527554169,0.03960265631461599
116,0.10735689820596347,0.03358443931821228,1.2683479599999998,-0.521637,0.45815945,0.006024053553128663,0.04515843907244928
117,0.1322949408959427,0.041374649988674926,1.4352536,-0.4779313,0.3420328,0.005476837928337403,0.0404914231127476
118,0.12904490167890098,0.040378137043946535,1.4044368299999999,-0.44987145,0.3268546,0.00602929052541626,0.040126063415799156
119,0.13194785840687373,0.04216292475936368,1.3355234,-0.4774705,0.35839853,0.006254179004983856,0.04227406390768874
120,0.14024966377148135,0.04452396238548126,1.33604146,-0.46166813,0.25184616,0.005240887017987061,0.0387673239824691
121,0.13216832430948797,0.04200006179236865,1.32779306,-0.44482085,0.24028142,0.00607663151453894,0.03985161187620785
122,0.14341815758820253,0.04570997598457519,1.43241522,-0.44845247,0.2444544,0.004323686607944947,0.038178023602347046
123,0.13467749483563082,0.042714295406047355,1.4022347499999999,-0.44258505,0.30159393,0.004429596116918042,0.038662530567053606
124,0.1359762669821209,0.04310485498184995,1.39978643,-0.4521349,0.27834114,0.00419722400838504,0.03885114281347593
125,0.12605024443065985,0.03987682906288559,1.33252114,-0.43768477,0.2125934,0.0032222864414593808,0.03751700144409979
126,0.10638051810584397,0.03535705463318496,0.71985115,-0.4647877,0.24191755,0.002766016193655396,0.03947697169290381
127,0.10766634718142404,0.03560949573074082,0.8040096999999999,-0.47731528,0.20930083,0.0018597249074821477,0.04006419033190405
128,0.09812852658228811,0.03232059037825605,0.64957639,-0.46991327,0.21158332,0.0014378748479982302,0.03927977216541061
129,0.0911827373627749,0.030230166807865878,0.66296677,-0.46962127,0.21236446,0.0009162864520398262,0.03941350569819545
130,0.08742225253923021,0.02907163139841092,0.7938875489999999,-0.49086204,0.2100544,-5.101328110989397e-05,0.04095993008979246
131,0.09121320249474939,0.029625201410960755,1.36287634,-0.4998966,0.21012773,-0.0007510783695044553,0.04233863707820443
132,0.0893464412799308,0.028501603239201173,1.47828581,-0.61043656,0.20738462,-0.0019469306196024782,0.04414505331150654
133,0.08505370919154835,0.026458089620235596,1.7237596000000002,-0.71871847,0.37120274,-0.0025326116528985596,0.04556465142790304
134,0.08430164784327861,0.025989126378993012,1.8220192,-0.78818166,0.3628082,-0.002959041339631134,0.045837639815901596
135,0.07812051327625812,0.023971201780795225,1.5921025,-0.828798,0.4376313,-0.003082067163231445,0.046745885443557685
136,0.07888432831698237,0.02428244194349011,1.6020898300000002,-0.8657474,0.48022917,-0.003362105939859924,0.04749962524154398
137,0.07647919137894266,0.02360477216692343,1.5059012999999999,-0.86724895,0.534235,-0.0026500630033109126,0.04692567552993607
138,0.0801954472749743,0.02515890357424208,1.3593394,-0.8505896,0.6621753,-0.0024301290832038735,0.04735066684677918
139,0.08173418629548852,0.025155512924694246,1.66176096,-0.8163507,0.86257064,-0.00044637079840975907,0.04576334156364809
140,0.08576094804785786,0.02667410523085856,1.5826082000000001,-0.80338806,1.0121536,0.0011269552817139493,0.04607563828738399
141,0.09650869243994921,0.031682589470532346,1.3412672000000003,-0.792908,0.8368998,0.0016240811081804198,0.04527177628702143
142,0.08888409249103989,0.02989928868113126,0.84235539,-0.7903629,0.8377517,0.0022743123906654662,0.04548632960896783
143,0.0787847400304136,0.026229539696741404,0.77367718,-0.79767543,0.70620686,0.0015033583099883338,0.04587548831399116
144,0.07369351372533378,0.02451371194616684,0.7759536299999998,-0.8303041,0.6084834,0.0009495772169300846,0.04604801016992812
145,0.07433807515476626,0.025272515070113737,0.7914205499999999,-0.83396536,0.53739655,0.000418519530911651,0.04630526842918021
146,0.07107932925668012,0.023872565677601258,0.79520543,-0.8492477,0.4847291,0.0008461820193609625,0.04630830775957429
147,0.07199752299690675,0.024284384231882204,0.80639708,-0.8396243,0.43925363,0.0014883154989851072,0.04643078660358992
148,0.07574826117003153,0.026191851175519837,0.82520343,-0.8423013,0.4185174,0.0021003832735402217,0.046618829978445415
149,0.08230947776404027,0.02870379987116782,0.85394037,-0.8250841,0.38668564,0.00176013417185495,0.04632034375807677
150,0.08442820157914746,0.0294999181738891,0.8696751399999999,-0.83606386,0.36220667,0.0018911968252609862,0.046343842441286774
151,0.08613021814093776,0.030010024726700286,1.1135073699999998,-0.824358,0.34041664,0.00380671498351242,0.04721172747812378
152,0.09564147657056818,0.03414148207962735,1.12282504,-0.83695185,0.32751322,0.003888055666101715,0.04700318569816335
153,0.09001372550494759,0.03186809475857315,0.9692275700000001,-0.8259005,0.30656967,0.0031431032461155697,0.04620972216693826
154,0.0874560122930084,0.030596905167033537,0.95175386,-0.8412362,0.30318084,0.003533652549746857,0.04657706606608883
155,0.08996335273900004,0.032213038614396824,0.9408908999999999,-0.82010573,0.3885078,0.0034323002726927175,0.04624944963614085
156,0.07811274376992484,0.02692500788879547,0.9234320399999999,-0.835346,0.49495396,0.0031830956455307013,0.04634841569074375
157,0.0739108627704558,0.024967469909147794,0.9205665000000001,-0.8096203,0.43214908,0.004029063562565155,0.04680787234518315
158,0.07767583718710709,0.02713032270670813,0.93499707,-0.8135436,0.4177804,0.005032606583266846,0.04811854310455413
159,0.08216038340433746,0.02941803908388829,0.9500320600000001,-0.80920804,0.33970016,0.005064793652774919,0.04751603223973069
160,0.07843052421531807,0.027454182612971986,0.94908237,-0.8160173,0.3131883,0.005317579150998963,0.0474348075241409
161,0.07929241456803614,0.02801034157995947,0.95402175,-0.8017165,0.3145046,0.005485431067341248,0.04702945634801663
162,0.07942936336642106,0.02796181666918173,0.95936772,-0.79331523,0.31314123,0.004851319455377898,0.046133967674103674
163,0.0744332848056942,0.025238897950874847,0.9519337400000001,-0.7763809,0.30741957,0.0037636440634385687,0.04503687800769237
164,0.06853622209851694,0.021605656309002165,0.9358245699999999,-0.79245895,0.301494,0.0023750359152776186,0.04437078940970475
165,0.06632056029345505,0.02004296945040827,1.3705931800000002,-0.8008856,0.2984609,0.0015018797196688595,0.04431076326160314
166,0.0636880448433526,0.019193697341680208,1.35365169,-0.81434876,0.29139695,0.00013624727491540548,0.04412356470224227
167,0.06236222661211766,0.019646827688155018,1.13816483,-0.79092306,0.28881377,-0.0004865313540602721,0.0442346530511753
168,0.06308752386073171,0.019546094805429536,1.6053927700000001,-0.80106884,0.28574365,-0.001226955424108887,0.044597139510436985
169,0.06095981551922814,0.019938069809021547,0.89182145,-0.80772394,0.28396937,-0.001300406749685307,0.04477745323528887
170,0.06024806311573768,0.01867675197564688,0.9208816830000001,-0.80980676,0.27859187,-0.00206888136667218,0.044578412397761565
171,0.05825336054929637,0.018559193618721558,0.89656426,-0.7697085,0.2777476,-0.0019632108593438716,0.04452766878266996
172,0.05784052281558394,0.018515173455185316,0.8959394299999999,-0.7829027,0.27824098,-0.0013825789583707402,0.044310616204663714
173,0.05737857130162935,0.018086102325520964,0.8988132999999999,-0.7561364,0.27599293,-0.0014752799270093993,0.04438613519868038
174,0.057550975411563,0.018188882089287435,0.89566385,-0.7702978,0.2741175,-0.0011949438518487543,0.04429071310289028
175,0.057609489209712726,0.018066248822877592,0.8942575000000001,-0.7552914,0.27151105,-0.0011082917385390016,0.04432363091170597
176,0.05858569383859075,0.01832437923344,0.8903535800000001,-0.7696448,0.26999268,-0.000719596442005188,0.04415923986342394
177,0.057945916528087504,0.01808929458192806,0.8839699299999999,-0.74601936,0.26923522,-6.780063094077382e-05,0.04398396627099218
178,0.0592641843030436,0.01820501108676416,0.88417272,-0.7354423,0.26837918,0.0004949741297940978,0.04385132110394775
179,0.061440326151673406,0.018487731995588196,0.9351811899999999,-0.7517017,0.26617312,0.000652409364025421,0.04377272284801033
180,0.061859419388346035,0.01880201658376129,0.96861555,-0.7102209,0.26161617,0.00038817908245407113,0.04374427216986169
181,0.061690286547873056,0.018925260451066316,1.24713152,-0.73916274,0.2561361,-0.00014294719432608087,0.044121473429380484
182,0.06203871020472936,0.02060278136793558,1.1164162000000002,-0.7357672,0.25306165,-0.0004960881852373341,0.04430644957059127
183,0.06234427732007877,0.0206359688013144,1.05863814,-0.69071937,0.25275022,-3.17768232975359e-05,0.04441218932399922
184,0.06316551145252243,0.021661313540263214,0.82682826,-0.7337736,0.23835921,-0.0022351604817661434,0.044520432686967745
185,0.062038124792283086,0.02153960794211081,0.8108166000000001,-0.7320782,0.22795726,-0.003583833233181915,0.04493694564391447
186,0.06266609064843871,0.02284466257073027,0.7813479999999999,-0.70178956,0.22540346,-0.0034620335135804596,0.0445513644847376
187,0.060152473224519824,0.021870139722684874,0.78028177,-0.7165416,0.22254016,-0.0031452536553163457,0.04417238023786939
188,0.056717510611226055,0.018718771445855063,0.78759195,-0.7066415,0.21949558,-0.0028109073704121763,0.043598149881330636
189,0.058868829667348986,0.018682314661887738,0.7907263999999999,-0.69538283,0.2153773,-0.0026296731472552483,0.043563957744577636
190,0.05700864418801514,0.01764569800131738,0.77871066,-0.86482155,0.20909475,-0.003006500627534851,0.045146530019549
191,0.053960809223084195,0.01672608084276206,0.76119229,-0.81327283,0.20124559,-0.003679505262981507,0.04530013356302847
192,0.05214793100451241,0.01648510071157889,0.74643125,-0.76322234,0.19616388,-0.004120091956483276,0.04584051584370145
193,0.053531899185495904,0.017183248713543053,0.74299565,-0.76919055,0.19320415,-0.003961898449537348,0.04694094349804778
194,0.0569204200557234,0.019481093077437957,0.7442925,-0.7224458,0.18527661,-0.004646698230928559,0.046768872876101944
195,0.05319160765457071,0.01813036522928428,0.7202142699999999,-0.6795846,0.18631092,-0.003872195276136963,0.04788977460894377
196,0.061058978128251444,0.022041731821002823,0.72586578,-0.6998238,0.1808893,-0.004572894155701308,0.048695188084043814
197,0.059724041407998626,0.0208520693502079,0.81161041,-0.71455276,0.17608353,-0.005458901400608139,0.0499707923060826
198,0.06641692893448878,0.022691660624105284,1.19759738,-0.7184296,0.17338698,-0.005442009230892944,0.05047189528681582
199,0.06598883727497105,0.02256493909510602,1.21367515,-0.7251459,0.1684556,-0.005724700992462585,0.050519180677757965
200,0.06531391937964907,0.02170336521834531,1.4884487499999999,-0.72068197,0.3720516,-0.006142378442000763,0.05097850915861959
201,0.06835566219648205,0.02190151104877968,1.8606773299999997,-0.73085976,0.63176507,-0.006078715688851322,0.05173885340378648
202,0.06484309360517321,0.021004325560929384,1.7270002599999998,-0.73309565,0.65434784,-0.005940499283370057,0.05160596052967083
203,0.06594057498573762,0.021364218911589076,1.7942683000000001,-0.7261167,0.689314,-0.005769590091862726,0.051390770240091505
204,0.06355692899742278,0.02074531656529193,1.7201247,-0.7354052,0.7436783,-0.005521131718229553,0.05134322850226964
205,0.06556112859331335,0.021844045731717006,1.8261307000000002,-0.7346485,0.7361521,-0.005413697954088617,0.05103796001230103
206,0.06432280977525404,0.021731246535749767,1.6912322999999998,-0.72967064,0.7136985,-0.005203418166389874,0.05060388868701264
207,0.06037546010440002,0.02080042667610913,1.376603,-0.7316547,0.7143225,-0.005336104250532959,0.050554334718943876
208,0.05759731801303908,0.019623341521051784,1.18992083,-0.7312416,0.68905777,-0.005262142234231384,0.050521153176193975
209,0.05463940210042348,0.019443560102902206,0.83217876,-0.7388707,0.68220234,-0.005004097578575095,0.0504067413552618
210,0.05248737514334887,0.018701883449894895,0.7395383,-0.75037575,0.6438065,-0.00501487359962326,0.050553141835067934
211,0.048315258023856375,0.01716694314003598,0.54541467,-0.75514233,0.5535772,-0.004776070798518524,0.05062923191001167
212,0.045312757672039294,0.016298945709017264,0.53005435,-0.7511825,0.46564293,-0.004309440584476349,0.050427602650920264
213,0.04748490816406315,0.017719813306409364,0.522790926,-0.7606317,0.39581993,-0.004671805297873322,0.05024182201902645
214,0.04360715943058382,0.015990845567426026,0.509201016,-0.76313597,0.34944373,-0.004703478481447998,0.05002741352932223
215,0.04286325536098766,0.01571175655333017,0.49796305500000004,-0.76247466,0.30812454,-0.00459826952896872,0.04983274920985931
216,0.04220090244107763,0.015440835523331756,0.48689364999999996,-0.76225996,0.27481696,-0.004653085918095062,0.04975442946065538
217,0.041797110386731916,0.015419876709728136,0.47470209,-0.7532887,0.246048,-0.0037691190274721864,0.04953753323588113
218,0.0455846013110712,0.017399753019701474,0.471256145,-0.7486952,0.23109189,-0.003601145504754181,0.04937585858038845
219,0.044700586972980676,0.01699075097570331,0.515759506,-0.750968,0.21089241,-0.0036123443292530233,0.049414832280307554
220,0.04768683456303394,0.01820845927079061,1.40791722,-0.75869435,0.22656047,-0.00457356847296455,0.049320117827795676
221,0.04195249261065984,0.01548508517078612,0.8915469199999999,-0.7599922,0.21590763,-0.004823482318701618,0.04942573779721714
222,0.04105518073379947,0.015213244739098497,0.6446222800000001,-0.75706947,0.22326897,-0.004671364033529388,0.04936924314946635
223,0.04240121603613492,0.015820751798648648,0.689826415,-0.7633098,0.22338736,-0.00528533521302298,0.049386588498274556
224,0.04163279552005176,0.01587920616937155,0.40942239,-0.76544684,0.22872262,-0.005444244460222108,0.04933954035758096
225,0.04235604339037769,0.016295776942937774,0.400901005,-0.7660937,0.22711307,-0.005444577898257141,0.04925462097586946
226,0.04399174192111753,0.01702415848498816,0.6906474899999999,-0.766303,0.22506309,-0.00532962492109201,0.0491827779024864
227,0.04579804302405374,0.017629781213579027,0.9550845299999999,-0.76597553,0.22625025,-0.005114125410617874,0.049175351689623246
228,0.04806466656891246,0.018847607654064843,0.85608898,-0.7697603,0.22749867,-0.005284415115886621,0.049307133598999034
229,0.045231956699175645,0.01766377007293215,0.519675004,-0.7706316,0.23037209,-0.005174480629843858,0.04917726076206465
230,0.04481726495595111,0.017336139072052843,0.682137166,-0.7717202,0.22495724,-0.00528120103880968,0.04915792802879902
231,0.042150993132893715,0.016060441587626005,0.5858806700000001,-0.7704729,0.21882565,-0.004961719935812622,0.0490911388685203
232,0.04046095344929009,0.015123986107127375,0.45987920000000004,-0.7567213,0.21696104,-0.0035420920213463376,0.04962931986903841
233,0.050897246336048724,0.020581850879001537,0.45335093,-0.7464622,0.30968863,-0.0027819500962766516,0.04991514146755574
234,0.05190786150271057,0.02124859624180472,0.46304133999999997,-0.7409892,0.28644463,-0.0024685459387120056,0.05001382702670904
235,0.05274867752966476,0.02189005383125535,0.4737025,-0.74518335,0.2157943,-0.0032412754119201448,0.04977122954183636
236,0.04906510729523643,0.019767407756120133,0.50927667,-0.75135887,0.21562454,-0.0038847316879354094,0.04925301966654358
237,0.04423760919426365,0.01746312156005778,0.522280788,-0.76635957,0.20955694,-0.004998418464881952,0.04901798278944859
238,0.039853279854724984,0.015189264599929269,0.48894243000000004,-0.7830633,0.1993111,-0.0065475558079375155,0.049584745131842904
