dataset,architecture,experiment,snapshot,sensor,model_true,start_frame,end_frame,length,score,prob,pred_label
nadia,linear,1,2,S2,fish,310,712,403,0.543895423412323,0.543895423412323,cylinder
nadia,linear,1,2,S4,fish,98,712,615,0.5330442786216736,0.5330442786216736,cylinder
nadia,linear,1,3,S2,fish,164,314,151,0.3025202751159668,0.3025202751159668,fish
nadia,linear,1,4,S2,fish,183,490,308,0.27329021692276,0.27329021692276,fish
nadia,linear,1,4,S1,fish,112,490,379,-0.34606099128723145,-0.34606099128723145,fish
nadia,linear,1,4,S4,fish,294,457,164,-0.07332469522953033,-0.07332469522953033,fish
nadia,linear,1,5,S2,fish,171,357,187,0.23778386414051056,0.23778386414051056,fish
nadia,linear,1,5,S1,fish,58,357,300,0.6842278242111206,0.6842278242111206,cylinder
nadia,linear,1,9,S2,fish,103,268,166,1.0163763761520386,1.0163763761520386,cylinder
nadia,linear,1,10,S4,fish,46,215,170,0.47479063272476196,0.47479063272476196,fish
nadia,linear,1,11,S4,fish,80,359,280,-0.1515902727842331,-0.1515902727842331,fish
nadia,linear,1,21,S2,fish,91,248,158,0.8200938701629639,0.8200938701629639,cylinder
nadia,linear,1,26,S4,fish,63,273,211,0.8108690977096558,0.8108690977096558,cylinder
nadia,linear,2,5,S2,fish,304,542,239,0.6036176085472107,0.6036176085472107,cylinder
nadia,linear,2,5,S1,fish,184,479,296,0.4805782437324524,0.4805782437324524,fish
nadia,linear,2,5,S4,fish,228,542,315,0.7970302700996399,0.7970302700996399,cylinder
nadia,linear,2,7,S2,fish,448,773,326,0.005520567297935486,0.005520567297935486,fish
nadia,linear,2,7,S1,fish,92,773,682,0.5057210922241211,0.5057210922241211,cylinder
nadia,linear,2,7,S4,fish,268,773,506,1.1528043746948242,1.1528043746948242,cylinder
nadia,linear,2,8,S2,fish,434,600,167,1.425608515739441,1.425608515739441,cylinder
nadia,linear,2,9,S2,fish,259,474,216,-0.4270285367965698,-0.4270285367965698,fish
nadia,linear,2,9,S4,fish,93,474,382,1.372519612312317,1.372519612312317,cylinder
nadia,linear,3,2,S2,fish,222,353,132,-0.3656894564628601,-0.3656894564628601,fish
nadia,linear,3,3,S2,fish,206,398,193,0.42379534244537354,0.42379534244537354,fish
nadia,linear,3,3,S1,fish,88,398,311,0.5572488903999329,0.5572488903999329,cylinder
nadia,linear,3,3,S4,fish,249,398,150,0.10448813438415527,0.10448813438415527,fish
nadia,linear,3,4,S2,fish,132,273,142,0.8565545082092285,0.8565545082092285,cylinder
nadia,linear,3,5,S2,fish,119,273,155,0.5737729072570801,0.5737729072570801,cylinder
nadia,linear,3,5,S1,fish,33,273,241,0.60041344165802,0.60041344165802,cylinder
nadia,linear,3,6,S2,fish,120,224,105,1.0316511392593384,1.0316511392593384,cylinder
nadia,linear,3,7,S2,fish,196,373,178,0.6615449786186218,0.6615449786186218,cylinder
nadia,linear,3,7,S1,fish,102,373,272,0.37541431188583374,0.37541431188583374,fish
nadia,linear,3,7,S4,fish,143,365,223,0.033822499215602875,0.033822499215602875,fish
nadia,linear,3,9,S2,fish,132,273,142,0.677692711353302,0.677692711353302,cylinder
nadia,linear,3,9,S1,fish,52,273,222,0.6187695264816284,0.6187695264816284,cylinder
nadia,linear,3,11,S2,fish,116,271,156,0.6474403142929077,0.6474403142929077,cylinder
nadia,linear,3,11,S1,fish,53,271,219,0.6742475032806396,0.6742475032806396,cylinder
nadia,linear,3,13,S2,fish,190,348,159,0.4107082486152649,0.4107082486152649,fish
nadia,linear,3,13,S1,fish,61,348,288,0.3735095262527466,0.3735095262527466,fish
nadia,linear,3,14,S2,fish,162,310,149,-0.1645612269639969,-0.1645612269639969,fish
nadia,linear,3,16,S2,fish,75,211,137,0.45456844568252563,0.45456844568252563,fish
nadia,linear,6,2,S2,fish,134,273,140,0.6270222067832947,0.6270222067832947,cylinder
nadia,linear,6,3,S2,fish,148,248,101,0.15614528954029083,0.15614528954029083,fish
nadia,linear,6,3,S4,fish,35,248,214,0.6363363862037659,0.6363363862037659,cylinder
nadia,linear,6,4,S2,fish,125,298,174,0.7194809913635254,0.7194809913635254,cylinder
nadia,linear,6,5,S4,fish,71,373,303,0.2161082625389099,0.2161082625389099,fish
nadia,linear,6,6,S2,fish,158,293,136,0.5298961997032166,0.5298961997032166,cylinder
nadia,linear,6,8,S2,fish,377,574,198,0.2763475775718689,0.2763475775718689,fish
nadia,linear,6,8,S4,fish,92,574,483,0.6225529313087463,0.6225529313087463,cylinder
nadia,linear,6,9,S4,fish,20,323,304,0.4445803761482239,0.4445803761482239,fish
nadia,linear,6,10,S2,fish,127,348,222,0.6001225113868713,0.6001225113868713,cylinder
nadia,linear,6,11,S2,fish,433,549,117,0.451049268245697,0.451049268245697,fish
nadia,linear,6,11,S1,fish,409,510,102,-0.10350053012371063,-0.10350053012371063,fish
nadia,linear,6,11,S4,fish,106,549,444,0.24554216861724854,0.24554216861724854,fish
nadia,linear,6,12,S2,fish,235,348,114,-0.2928481698036194,-0.2928481698036194,fish
nadia,linear,6,12,S4,fish,55,348,294,0.424350380897522,0.424350380897522,fish
nadia,linear,6,13,S2,fish,172,288,117,0.4847448468208313,0.4847448468208313,fish
nadia,linear,6,16,S2,fish,123,248,126,0.994053304195404,0.994053304195404,cylinder
nadia,linear,6,18,S2,fish,140,273,134,0.796064019203186,0.796064019203186,cylinder
nadia,linear,7,2,S2,fish,287,529,243,0.41995787620544434,0.41995787620544434,fish
nadia,linear,7,2,S4,fish,420,529,110,0.9314886331558228,0.9314886331558228,cylinder
nadia,linear,7,3,S2,fish,258,449,192,0.371210515499115,0.371210515499115,fish
nadia,linear,7,3,S1,fish,147,449,303,0.5967057943344116,0.5967057943344116,cylinder
nadia,linear,8,3,S2,fish,323,449,127,0.5212119221687317,0.5212119221687317,cylinder
nadia,linear,8,3,S4,fish,78,449,372,0.09338422864675522,0.09338422864675522,fish
nadia,linear,8,4,S2,fish,215,449,235,0.5445770621299744,0.5445770621299744,cylinder
nadia,linear,8,4,S1,fish,94,326,233,0.7182451486587524,0.7182451486587524,cylinder
nadia,linear,8,5,S2,fish,321,600,280,0.4187176823616028,0.4187176823616028,fish
nadia,linear,8,6,S2,fish,385,599,215,1.1308741569519043,1.1308741569519043,cylinder
nadia,linear,8,6,S4,fish,94,599,506,0.6588390469551086,0.6588390469551086,cylinder
nadia,linear,8,7,S4,fish,83,398,316,0.7429822683334351,0.7429822683334351,cylinder
nadia,linear,8,8,S4,fish,419,525,107,0.609149694442749,0.609149694442749,cylinder
nadia,linear,8,9,S4,fish,104,423,320,-0.019230350852012634,-0.019230350852012634,fish
nadia,linear,8,10,S2,fish,317,624,308,-0.2255329042673111,-0.2255329042673111,fish
nadia,linear,8,10,S4,fish,410,624,215,1.1777708530426025,1.1777708530426025,cylinder
nadia,linear,8,11,S4,fish,90,474,385,0.5847423076629639,0.5847423076629639,cylinder
nadia,linear,9,3,S2,fish,259,383,125,-0.2044888585805893,-0.2044888585805893,fish
nadia,linear,9,4,S2,fish,217,449,233,-0.3126757740974426,-0.3126757740974426,fish
nadia,linear,9,4,S1,fish,86,449,364,0.3899642825126648,0.3899642825126648,fish
nadia,linear,9,4,S4,fish,110,449,340,1.4068511724472046,1.4068511724472046,cylinder
nadia,linear,9,5,S2,fish,201,314,114,-0.4317210912704468,-0.4317210912704468,fish
nadia,linear,9,7,S4,fish,67,474,408,0.3399685025215149,0.3399685025215149,fish
nadia,linear,9,8,S2,fish,197,738,542,0.23237097263336182,0.23237097263336182,fish
nadia,linear,9,8,S1,fish,306,738,433,0.1837472766637802,0.1837472766637802,fish
nadia,linear,9,8,S4,fish,491,738,248,1.0840723514556885,1.0840723514556885,cylinder
nadia,linear,9,11,S2,fish,156,281,126,0.14987999200820923,0.14987999200820923,fish
nadia,linear,9,12,S2,fish,119,248,130,0.40349483489990234,0.40349483489990234,fish
nadia,linear,9,12,S1,fish,31,248,218,0.7616958618164062,0.7616958618164062,cylinder
nadia,linear,9,12,S4,fish,115,248,134,0.14655448496341705,0.14655448496341705,fish
nadia,linear,10,2,S2,fish,237,353,117,-0.4751235246658325,-0.4751235246658325,fish
nadia,linear,10,4,S2,fish,166,288,123,0.5681042075157166,0.5681042075157166,cylinder
nadia,linear,10,5,S2,fish,148,323,176,0.4399454593658447,0.4399454593658447,fish
nadia,linear,10,5,S1,fish,64,323,260,0.49707913398742676,0.49707913398742676,fish
nadia,linear,10,6,S2,fish,121,273,153,0.8707987070083618,0.8707987070083618,cylinder
nadia,linear,10,7,S2,fish,125,298,174,0.11944116652011871,0.11944116652011871,fish
nadia,linear,10,7,S1,fish,51,298,248,0.4776421785354614,0.4776421785354614,fish
nadia,linear,10,7,S4,fish,194,298,105,0.3255087733268738,0.3255087733268738,fish
nadia,linear,10,12,S4,fish,72,373,302,0.05846298485994339,0.05846298485994339,fish
nadia,linear,11,3,S2,fish,160,373,214,0.41382670402526855,0.41382670402526855,fish
nadia,linear,11,3,S1,fish,41,373,333,1.1018491983413696,1.1018491983413696,cylinder
nadia,linear,11,3,S4,fish,242,373,132,-0.22588162124156952,-0.22588162124156952,fish
nadia,linear,11,5,S2,fish,136,348,213,0.5375093817710876,0.5375093817710876,cylinder
nadia,linear,11,5,S1,fish,46,348,303,0.46667730808258057,0.46667730808258057,fish
nadia,linear,11,6,S4,fish,239,479,241,0.4789160490036011,0.4789160490036011,fish
nadia,linear,11,7,S2,fish,248,644,397,0.4720573425292969,0.4720573425292969,fish
nadia,linear,11,7,S1,fish,157,644,488,0.17466560006141663,0.17466560006141663,fish
nadia,linear,11,8,S4,fish,99,449,351,0.6897038221359253,0.6897038221359253,cylinder
nadia,linear,11,10,S2,fish,156,317,162,0.5798880457878113,0.5798880457878113,cylinder
nadia,linear,11,10,S1,fish,66,317,252,0.9030824899673462,0.9030824899673462,cylinder
nadia,linear,11,15,S2,fish,208,398,191,0.4299004077911377,0.4299004077911377,fish
nadia,linear,11,15,S1,fish,63,398,336,0.6706951260566711,0.6706951260566711,cylinder
nadia,linear,11,15,S4,fish,130,398,269,1.1775482892990112,1.1775482892990112,cylinder
nadia,linear,14,4,S2,fish,187,348,162,-0.23273469507694244,-0.23273469507694244,fish
nadia,linear,14,4,S1,fish,69,348,280,0.5086178183555603,0.5086178183555603,cylinder
nadia,linear,14,8,S2,fish,165,348,184,0.6944403052330017,0.6944403052330017,cylinder
nadia,linear,14,8,S1,fish,52,348,297,0.5193496346473694,0.5193496346473694,cylinder
nadia,linear,14,9,S2,fish,155,654,500,-0.09875787794589996,-0.09875787794589996,fish
nadia,linear,14,9,S1,fish,146,654,509,0.29774999618530273,0.29774999618530273,fish
nadia,linear,14,9,S4,fish,221,654,434,-0.46509307622909546,-0.46509307622909546,fish
nadia,linear,14,11,S2,fish,230,398,169,0.26738858222961426,0.26738858222961426,fish
nadia,linear,14,11,S1,fish,94,398,305,0.7211201190948486,0.7211201190948486,cylinder
nadia,linear,14,12,S2,fish,140,288,149,0.8591248989105225,0.8591248989105225,cylinder
nadia,linear,14,13,S2,fish,138,298,161,0.5081396102905273,0.5081396102905273,cylinder
nadia,linear,14,13,S1,fish,59,298,240,0.5050035119056702,0.5050035119056702,cylinder
nadia,linear,15,2,S2,fish,251,428,178,0.13671289384365082,0.13671289384365082,fish
nadia,linear,15,3,S4,fish,63,398,336,-0.35974669456481934,-0.35974669456481934,fish
nadia,linear,15,5,S2,fish,193,373,181,-0.10612736642360687,-0.10612736642360687,fish
nadia,linear,15,5,S1,fish,61,373,313,0.7684593200683594,0.7684593200683594,cylinder
nadia,linear,15,7,S2,fish,112,298,187,0.6905352473258972,0.6905352473258972,cylinder
nadia,linear,15,7,S1,fish,25,298,274,0.6919314861297607,0.6919314861297607,cylinder
nadia,linear,15,8,S2,fish,210,348,139,0.003543183207511902,0.003543183207511902,fish
nadia,linear,15,9,S2,fish,168,348,181,0.5363205075263977,0.5363205075263977,cylinder
nadia,linear,15,9,S1,fish,65,348,284,0.5816736221313477,0.5816736221313477,cylinder
nadia,linear,15,10,S2,fish,344,499,156,0.33169129490852356,0.33169129490852356,fish
nadia,linear,16,2,S2,fish,219,318,100,-0.3557817339897156,-0.3557817339897156,fish
nadia,linear,16,2,S1,fish,207,309,103,0.7591206431388855,0.7591206431388855,cylinder
nadia,linear,16,3,S2,fish,192,398,207,0.514252781867981,0.514252781867981,cylinder
nadia,linear,16,3,S1,fish,74,398,325,0.6995950937271118,0.6995950937271118,cylinder
nadia,linear,16,4,S2,fish,145,253,109,0.8527368307113647,0.8527368307113647,cylinder
nadia,linear,16,5,S2,fish,195,423,229,-0.1861393302679062,-0.1861393302679062,fish
nadia,linear,16,5,S1,fish,62,423,362,0.767728328704834,0.767728328704834,cylinder
nadia,linear,16,6,S2,fish,166,313,148,0.42034435272216797,0.42034435272216797,fish
nadia,linear,16,7,S2,fish,238,449,212,0.117523193359375,0.117523193359375,fish
nadia,linear,16,7,S1,fish,101,449,349,0.6203110218048096,0.6203110218048096,cylinder
nadia,linear,16,8,S2,fish,189,764,576,0.9058432579040527,0.9058432579040527,cylinder
nadia,linear,16,8,S1,fish,313,764,452,0.7934980988502502,0.7934980988502502,cylinder
nadia,linear,17,3,S2,fish,192,373,182,0.33952969312667847,0.33952969312667847,fish
nadia,linear,17,3,S1,fish,104,373,270,0.42851078510284424,0.42851078510284424,fish
nadia,linear,17,4,S2,fish,194,307,114,-0.6477567553520203,-0.6477567553520203,fish
nadia,linear,17,5,S2,fish,108,298,191,-0.31721270084381104,-0.31721270084381104,fish
nadia,linear,17,5,S1,fish,26,298,273,0.5118946433067322,0.5118946433067322,cylinder
nadia,linear,17,5,S4,fish,178,298,121,0.49705010652542114,0.49705010652542114,fish
nadia,linear,17,6,S2,fish,166,689,524,0.09836752712726593,0.09836752712726593,fish
nadia,linear,17,6,S1,fish,271,689,419,0.019264616072177887,0.019264616072177887,fish
nadia,linear,17,6,S4,fish,415,620,206,1.6001808643341064,1.6001808643341064,cylinder
nadia,linear,17,7,S2,fish,234,784,551,0.2562633454799652,0.2562633454799652,fish
nadia,linear,17,7,S4,fish,283,605,323,1.2570641040802002,1.2570641040802002,cylinder
nadia,linear,17,7,S4,fish,607,784,178,-0.5292695760726929,-0.5292695760726929,fish
nadia,linear,18,3,S2,fish,222,474,253,0.26404643058776855,0.26404643058776855,fish
nadia,linear,18,3,S1,fish,132,474,343,0.16759242117404938,0.16759242117404938,fish
nadia,linear,18,4,S2,fish,178,323,146,0.49530351161956787,0.49530351161956787,fish
nadia,linear,18,5,S2,fish,231,474,244,0.5300701856613159,0.5300701856613159,cylinder
nadia,linear,18,5,S1,fish,136,474,339,0.5249451994895935,0.5249451994895935,cylinder
nadia,linear,18,6,S2,fish,241,376,136,-0.06525404751300812,-0.06525404751300812,fish
nadia,linear,18,7,S2,fish,200,449,250,0.6084600687026978,0.6084600687026978,cylinder
nadia,linear,18,7,S1,fish,101,449,349,0.24733050167560577,0.24733050167560577,fish
nadia,linear,18,8,S2,fish,244,408,165,0.3404541611671448,0.3404541611671448,fish
nadia,linear,18,11,S2,fish,779,889,111,-0.5827884674072266,-0.5827884674072266,fish
nadia,linear,18,11,S1,fish,391,889,499,0.08497931063175201,0.08497931063175201,fish
nadia,linear,18,11,S4,fish,660,889,230,0.10985718667507172,0.10985718667507172,fish
nadia,linear,18,13,S2,fish,154,398,245,0.21569840610027313,0.21569840610027313,fish
nadia,linear,18,13,S1,fish,58,398,341,0.49889278411865234,0.49889278411865234,fish
nadia,linear,18,13,S4,fish,261,398,138,0.2990662753582001,0.2990662753582001,fish
nadia,linear,22,1,S2,fish,202,423,222,0.6396271586418152,0.6396271586418152,cylinder
nadia,linear,22,1,S1,fish,143,423,281,-0.07859651744365692,-0.07859651744365692,fish
nadia,linear,22,1,S4,fish,89,423,335,2.627993583679199,2.627993583679199,cylinder
nadia,linear,22,3,S2,fish,192,373,182,0.23403300344944,0.23403300344944,fish
nadia,linear,22,3,S1,fish,76,373,298,0.542959988117218,0.542959988117218,cylinder
nadia,linear,22,4,S2,fish,68,229,162,0.11062577366828918,0.11062577366828918,fish
nadia,linear,22,6,S2,fish,191,296,106,0.08453996479511261,0.08453996479511261,fish
nadia,linear,23,11,S2,fish,165,330,166,0.8136283159255981,0.8136283159255981,cylinder
nadia,linear,23,20,S2,fish,123,263,141,0.7625637054443359,0.7625637054443359,cylinder
nadia,linear,24,10,S2,fish,291,624,334,0.5176167488098145,0.5176167488098145,cylinder
nadia,linear,24,10,S1,fish,82,624,543,0.7223917841911316,0.7223917841911316,cylinder
nadia,linear,25,4,S2,fish,95,224,130,0.6926939487457275,0.6926939487457275,cylinder
nadia,linear,25,4,S1,fish,64,224,161,0.7405720949172974,0.7405720949172974,cylinder
nadia,linear,25,4,S4,fish,35,224,190,-0.843420147895813,-0.843420147895813,fish
nadia,linear,25,5,S2,fish,217,418,202,0.7103227376937866,0.7103227376937866,cylinder
nadia,linear,25,6,S2,fish,90,199,110,0.8135449886322021,0.8135449886322021,cylinder
nadia,linear,25,6,S1,fish,39,199,161,0.34790655970573425,0.34790655970573425,fish
nadia,linear,27,6,S2,fish,232,449,218,0.04822830855846405,0.04822830855846405,fish
nadia,linear,27,6,S1,fish,162,449,288,-0.44241863489151,-0.44241863489151,fish
nadia,linear,27,6,S4,fish,90,449,360,-0.11704643070697784,-0.11704643070697784,fish
nadia,linear,27,8,S2,fish,245,398,154,0.4673444628715515,0.4673444628715515,fish
nadia,linear,27,8,S4,fish,49,398,350,-0.4111661911010742,-0.4111661911010742,fish
nadia,linear,27,9,S2,fish,271,398,128,0.2986583113670349,0.2986583113670349,fish
nadia,linear,27,9,S4,fish,71,398,328,-0.8591848611831665,-0.8591848611831665,fish
nadia,linear,28,7,S2,fish,236,373,138,0.47345781326293945,0.47345781326293945,fish
nadia,linear,28,7,S1,fish,85,373,289,0.39450132846832275,0.39450132846832275,fish
nadia,linear,29,4,S2,fish,328,449,122,0.5631078481674194,0.5631078481674194,cylinder
nadia,linear,29,4,S4,fish,84,449,366,0.2729574143886566,0.2729574143886566,fish
nadia,linear,29,7,S2,fish,183,373,191,0.5644551515579224,0.5644551515579224,cylinder
nadia,linear,29,7,S1,fish,62,373,312,1.4128167629241943,1.4128167629241943,cylinder
nadia,linear,29,10,S2,fish,135,298,164,0.5635144710540771,0.5635144710540771,cylinder
nadia,linear,29,10,S1,fish,64,298,235,0.6094131469726562,0.6094131469726562,cylinder
nadia,linear,29,15,S2,fish,169,323,155,0.19873464107513428,0.19873464107513428,fish
nadia,linear,29,15,S1,fish,71,323,253,0.37483686208724976,0.37483686208724976,fish
nadia,linear,29,15,S4,fish,203,323,121,1.03274667263031,1.03274667263031,cylinder
nadia,linear,29,19,S2,fish,149,258,110,0.99524986743927,0.99524986743927,cylinder
nadia,linear,29,20,S2,fish,103,224,122,0.546157956123352,0.546157956123352,cylinder
nadia,linear,29,20,S1,fish,38,224,187,0.6579368114471436,0.6579368114471436,cylinder
nadia,linear,30,3,S2,fish,209,423,215,0.9654722213745117,0.9654722213745117,cylinder
nadia,linear,30,3,S1,fish,92,423,332,0.1623384952545166,0.1623384952545166,fish
nadia,linear,30,4,S2,fish,167,303,137,0.030837908387184143,0.030837908387184143,fish
nadia,linear,30,5,S2,fish,181,385,205,0.4507787823677063,0.4507787823677063,fish
nadia,linear,30,5,S1,fish,58,385,328,0.42194944620132446,0.42194944620132446,fish
nadia,linear,30,18,S2,fish,108,649,542,0.6738181710243225,0.6738181710243225,cylinder
nadia,linear,30,18,S1,fish,217,649,433,0.07309015095233917,0.07309015095233917,fish
nadia,linear,30,18,S4,fish,366,649,284,0.07203291356563568,0.07203291356563568,fish
nadia,linear,30,20,S2,fish,124,269,146,0.6963900327682495,0.6963900327682495,cylinder
nadia,linear,30,20,S1,fish,47,269,223,0.4826177954673767,0.4826177954673767,fish
nadia,linear,31,2,S2,fish,146,323,178,0.7056311368942261,0.7056311368942261,cylinder
nadia,linear,31,2,S1,fish,68,323,256,0.7781225442886353,0.7781225442886353,cylinder
nadia,linear,31,13,S2,fish,129,248,120,0.20869173109531403,0.20869173109531403,fish
nadia,linear,33,11,S2,fish,197,398,202,0.74720299243927,0.74720299243927,cylinder
nadia,linear,33,11,S1,fish,53,398,346,0.566361665725708,0.566361665725708,cylinder
nadia,linear,35,11,S2,fish,158,343,186,0.6169259548187256,0.6169259548187256,cylinder
nadia,linear,35,12,S2,fish,175,348,174,0.7428823709487915,0.7428823709487915,cylinder
nadia,linear,35,12,S1,fish,70,348,279,0.8156732320785522,0.8156732320785522,cylinder
nadia,linear,40,1,S2,fish,470,674,205,0.6296706795692444,0.6296706795692444,cylinder
nadia,linear,40,1,S1,fish,47,673,627,-0.07078061997890472,-0.07078061997890472,fish
nadia,linear,40,1,S4,fish,106,470,365,0.17097696661949158,0.17097696661949158,fish
nadia,linear,40,1,S4,fish,574,674,101,0.08926919102668762,0.08926919102668762,fish
nadia,linear,40,3,S2,fish,164,343,180,0.3467903137207031,0.3467903137207031,fish
nadia,linear,40,4,S2,fish,151,323,173,0.24466189742088318,0.24466189742088318,fish
nadia,linear,40,4,S1,fish,66,323,258,0.050157591700553894,0.050157591700553894,fish
nadia,linear,40,10,S2,fish,137,323,187,0.5936644673347473,0.5936644673347473,cylinder
nadia,linear,40,10,S1,fish,46,323,278,1.0358219146728516,1.0358219146728516,cylinder
nadia,linear,1,2,S2,cylinder,418,712,295,0.7014546990394592,0.7014546990394592,cylinder
nadia,linear,1,2,S1,cylinder,336,712,377,0.2902423143386841,0.2902423143386841,fish
nadia,linear,1,2,S4,cylinder,145,365,221,0.16118694841861725,0.16118694841861725,fish
nadia,linear,1,3,S2,cylinder,186,314,129,-0.33342301845550537,-0.33342301845550537,fish
nadia,linear,1,4,S2,cylinder,206,490,285,-0.32483965158462524,-0.32483965158462524,fish
nadia,linear,1,4,S1,cylinder,146,382,237,0.4049665331840515,0.4049665331840515,fish
nadia,linear,1,5,S2,cylinder,160,357,198,0.47751522064208984,0.47751522064208984,fish
nadia,linear,1,6,S2,cylinder,215,339,125,-0.2997763752937317,-0.2997763752937317,fish
nadia,linear,1,9,S2,cylinder,146,268,123,0.7156298160552979,0.7156298160552979,cylinder
nadia,linear,1,11,S4,cylinder,124,359,236,0.5714464783668518,0.5714464783668518,cylinder
nadia,linear,1,21,S2,cylinder,88,248,161,0.8646562099456787,0.8646562099456787,cylinder
nadia,linear,1,26,S4,cylinder,63,273,211,0.8108690977096558,0.8108690977096558,cylinder
nadia,linear,2,5,S2,cylinder,326,542,217,-0.3870219588279724,-0.3870219588279724,fish
nadia,linear,2,5,S1,cylinder,218,365,148,0.228377103805542,0.228377103805542,fish
nadia,linear,2,5,S4,cylinder,334,542,209,1.2366477251052856,1.2366477251052856,cylinder
nadia,linear,2,6,S2,cylinder,427,638,212,0.8958959579467773,0.8958959579467773,cylinder
nadia,linear,2,7,S2,cylinder,399,773,375,0.3435669243335724,0.3435669243335724,fish
nadia,linear,2,7,S1,cylinder,232,652,421,0.5632124543190002,0.5632124543190002,cylinder
nadia,linear,2,7,S4,cylinder,355,600,246,-0.5379594564437866,-0.5379594564437866,fish
nadia,linear,2,7,S4,cylinder,653,773,121,0.6640560030937195,0.6640560030937195,cylinder
nadia,linear,2,8,S2,cylinder,481,600,120,0.9218325614929199,0.9218325614929199,cylinder
nadia,linear,2,9,S2,cylinder,255,474,220,-0.17852537333965302,-0.17852537333965302,fish
nadia,linear,2,9,S4,cylinder,139,474,336,-0.35317474603652954,-0.35317474603652954,fish
nadia,linear,3,2,S2,cylinder,199,353,155,0.6199761629104614,0.6199761629104614,cylinder
nadia,linear,3,3,S2,cylinder,214,398,185,0.3012901842594147,0.3012901842594147,fish
nadia,linear,3,3,S1,cylinder,150,398,249,-0.4796755313873291,-0.4796755313873291,fish
nadia,linear,3,4,S2,cylinder,136,273,138,0.9148880243301392,0.9148880243301392,cylinder
nadia,linear,3,5,S2,cylinder,114,273,160,0.6297974586486816,0.6297974586486816,cylinder
nadia,linear,3,5,S1,cylinder,82,189,108,0.54566890001297,0.54566890001297,cylinder
nadia,linear,3,6,S2,cylinder,121,224,104,1.0402684211730957,1.0402684211730957,cylinder
nadia,linear,3,7,S2,cylinder,195,373,179,0.6552706360816956,0.6552706360816956,cylinder
nadia,linear,3,7,S1,cylinder,90,373,284,0.6650363206863403,0.6650363206863403,cylinder
nadia,linear,3,9,S2,cylinder,136,273,138,0.6035293936729431,0.6035293936729431,cylinder
nadia,linear,3,9,S1,cylinder,98,197,100,0.127443328499794,0.127443328499794,fish
nadia,linear,3,10,S2,cylinder,120,219,100,0.7519524097442627,0.7519524097442627,cylinder
nadia,linear,3,11,S2,cylinder,114,271,158,0.6938849687576294,0.6938849687576294,cylinder
nadia,linear,3,11,S1,cylinder,70,271,202,0.12000830471515656,0.12000830471515656,fish
nadia,linear,3,13,S2,cylinder,188,348,161,0.4486003518104553,0.4486003518104553,fish
nadia,linear,3,13,S1,cylinder,117,348,232,0.2616174817085266,0.2616174817085266,fish
nadia,linear,3,14,S2,cylinder,93,310,218,0.4455537796020508,0.4455537796020508,fish
nadia,linear,3,16,S2,cylinder,70,211,142,0.38648146390914917,0.38648146390914917,fish
nadia,linear,6,2,S2,cylinder,122,273,152,0.8358956575393677,0.8358956575393677,cylinder
nadia,linear,6,3,S2,cylinder,148,248,101,0.15614528954029083,0.15614528954029083,fish
nadia,linear,6,3,S4,cylinder,114,248,135,0.6338191032409668,0.6338191032409668,cylinder
nadia,linear,6,4,S2,cylinder,122,298,177,0.7000237703323364,0.7000237703323364,cylinder
nadia,linear,6,5,S2,cylinder,246,373,128,0.9665763974189758,0.9665763974189758,cylinder
nadia,linear,6,5,S4,cylinder,81,373,293,-0.30892789363861084,-0.30892789363861084,fish
nadia,linear,6,6,S2,cylinder,149,293,145,0.7890637516975403,0.7890637516975403,cylinder
nadia,linear,6,8,S2,cylinder,290,574,285,0.4275691509246826,0.4275691509246826,fish
nadia,linear,6,8,S4,cylinder,136,476,341,-0.2943875789642334,-0.2943875789642334,fish
nadia,linear,6,9,S2,cylinder,180,323,144,0.5941687822341919,0.5941687822341919,cylinder
nadia,linear,6,9,S4,cylinder,88,280,193,1.1521679162979126,1.1521679162979126,cylinder
nadia,linear,6,10,S2,cylinder,130,348,219,0.40048158168792725,0.40048158168792725,fish
nadia,linear,6,10,S1,cylinder,223,348,126,0.5947800874710083,0.5947800874710083,cylinder
nadia,linear,6,11,S2,cylinder,319,549,231,0.7569403052330017,0.7569403052330017,cylinder
nadia,linear,6,11,S1,cylinder,275,479,205,0.7883672714233398,0.7883672714233398,cylinder
nadia,linear,6,11,S4,cylinder,147,549,403,-0.13081751763820648,-0.13081751763820648,fish
nadia,linear,6,12,S4,cylinder,64,348,285,0.6434818506240845,0.6434818506240845,cylinder
nadia,linear,6,13,S2,cylinder,177,288,112,0.43943482637405396,0.43943482637405396,fish
nadia,linear,6,16,S2,cylinder,112,248,137,0.800881028175354,0.800881028175354,cylinder
nadia,linear,6,18,S2,cylinder,137,273,137,0.8076821565628052,0.8076821565628052,cylinder
nadia,linear,7,2,S2,cylinder,272,474,203,0.7882594466209412,0.7882594466209412,cylinder
nadia,linear,7,3,S2,cylinder,239,449,211,0.7118317484855652,0.7118317484855652,cylinder
nadia,linear,7,3,S1,cylinder,161,449,289,0.3907009959220886,0.3907009959220886,fish
nadia,linear,8,3,S2,cylinder,342,449,108,0.5303052067756653,0.5303052067756653,cylinder
nadia,linear,8,4,S2,cylinder,213,449,237,0.5122557282447815,0.5122557282447815,cylinder
nadia,linear,8,4,S1,cylinder,127,449,323,0.009549424052238464,0.009549424052238464,fish
nadia,linear,8,5,S2,cylinder,292,419,128,0.8914947509765625,0.8914947509765625,cylinder
nadia,linear,8,5,S2,cylinder,429,600,172,-0.7111518979072571,-0.7111518979072571,fish
nadia,linear,8,5,S4,cylinder,477,600,124,0.758170485496521,0.758170485496521,cylinder
nadia,linear,8,6,S2,cylinder,430,599,170,0.17721974849700928,0.17721974849700928,fish
nadia,linear,8,6,S1,cylinder,377,509,133,1.7954692840576172,1.7954692840576172,cylinder
nadia,linear,8,6,S4,cylinder,122,599,478,0.22298495471477509,0.22298495471477509,fish
nadia,linear,8,7,S4,cylinder,121,398,278,0.21373821794986725,0.21373821794986725,fish
nadia,linear,8,8,S2,cylinder,389,525,137,1.1186907291412354,1.1186907291412354,cylinder
nadia,linear,8,8,S4,cylinder,420,525,106,0.5403382182121277,0.5403382182121277,cylinder
nadia,linear,8,9,S4,cylinder,166,371,206,-0.6622563004493713,-0.6622563004493713,fish
nadia,linear,8,10,S2,cylinder,191,292,102,-0.485196590423584,-0.485196590423584,fish
nadia,linear,8,10,S2,cylinder,319,624,306,-0.09259741008281708,-0.09259741008281708,fish
nadia,linear,8,10,S1,cylinder,518,624,107,1.1014765501022339,1.1014765501022339,cylinder
nadia,linear,8,11,S1,cylinder,289,403,115,1.4599997997283936,1.4599997997283936,cylinder
nadia,linear,8,11,S4,cylinder,140,474,335,-0.8115493059158325,-0.8115493059158325,fish
nadia,linear,9,3,S2,cylinder,214,383,170,-0.09308460354804993,-0.09308460354804993,fish
nadia,linear,9,4,S2,cylinder,203,449,247,0.05920375883579254,0.05920375883579254,fish
nadia,linear,9,4,S1,cylinder,109,449,341,0.3206310272216797,0.3206310272216797,fish
nadia,linear,9,5,S2,cylinder,166,314,149,0.5864786505699158,0.5864786505699158,cylinder
nadia,linear,9,7,S2,cylinder,275,474,200,0.9282277822494507,0.9282277822494507,cylinder
nadia,linear,9,7,S1,cylinder,278,474,197,0.901451051235199,0.901451051235199,cylinder
nadia,linear,9,7,S4,cylinder,82,438,357,0.25221961736679077,0.25221961736679077,fish
nadia,linear,9,8,S2,cylinder,184,425,242,-0.01995675265789032,-0.01995675265789032,fish
nadia,linear,9,8,S1,cylinder,300,426,127,0.8866498470306396,0.8866498470306396,cylinder
nadia,linear,9,11,S2,cylinder,155,281,127,0.14930397272109985,0.14930397272109985,fish
nadia,linear,9,12,S2,cylinder,98,248,151,0.3808821737766266,0.3808821737766266,fish
nadia,linear,9,12,S1,cylinder,74,248,175,0.16953736543655396,0.16953736543655396,fish
nadia,linear,10,2,S2,cylinder,243,353,111,-0.6845558881759644,-0.6845558881759644,fish
nadia,linear,10,4,S2,cylinder,159,288,130,0.6267797350883484,0.6267797350883484,cylinder
nadia,linear,10,5,S2,cylinder,151,323,173,0.38883721828460693,0.38883721828460693,fish
nadia,linear,10,5,S1,cylinder,90,323,234,-0.4860694408416748,-0.4860694408416748,fish
nadia,linear,10,6,S2,cylinder,143,273,131,0.5412773489952087,0.5412773489952087,cylinder
nadia,linear,10,7,S2,cylinder,129,298,170,-0.34180670976638794,-0.34180670976638794,fish
nadia,linear,10,7,S1,cylinder,76,298,223,-0.021133914589881897,-0.021133914589881897,fish
nadia,linear,10,11,S4,cylinder,169,277,109,0.2573983669281006,0.2573983669281006,fish
nadia,linear,10,12,S2,cylinder,270,373,104,-0.08603687584400177,-0.08603687584400177,fish
nadia,linear,10,12,S4,cylinder,139,245,107,0.15428131818771362,0.15428131818771362,fish
nadia,linear,11,3,S2,cylinder,161,373,213,0.37479838728904724,0.37479838728904724,fish
nadia,linear,11,3,S1,cylinder,110,373,264,-0.060539260506629944,-0.060539260506629944,fish
nadia,linear,11,5,S2,cylinder,142,348,207,0.32839229702949524,0.32839229702949524,fish
nadia,linear,11,5,S1,cylinder,100,262,163,-0.20635001361370087,-0.20635001361370087,fish
nadia,linear,11,6,S2,cylinder,250,479,230,1.1140060424804688,1.1140060424804688,cylinder
nadia,linear,11,6,S4,cylinder,231,337,107,0.1977880597114563,0.1977880597114563,fish
nadia,linear,11,6,S4,cylinder,349,479,131,0.6156782507896423,0.6156782507896423,cylinder
nadia,linear,11,7,S2,cylinder,252,644,393,0.33977654576301575,0.33977654576301575,fish
nadia,linear,11,7,S1,cylinder,181,644,464,0.15631771087646484,0.15631771087646484,fish
nadia,linear,11,7,S4,cylinder,446,613,168,0.18603631854057312,0.18603631854057312,fish
nadia,linear,11,8,S4,cylinder,112,449,338,-0.5480996370315552,-0.5480996370315552,fish
nadia,linear,11,10,S2,cylinder,162,317,156,0.5953114032745361,0.5953114032745361,cylinder
nadia,linear,11,10,S1,cylinder,105,317,213,-1.2315833568572998,-1.2315833568572998,fish
nadia,linear,14,4,S2,cylinder,158,348,191,0.3841012120246887,0.3841012120246887,fish
nadia,linear,14,4,S1,cylinder,94,229,136,0.11580254137516022,0.11580254137516022,fish
nadia,linear,14,8,S2,cylinder,163,348,186,0.7560144662857056,0.7560144662857056,cylinder
nadia,linear,14,9,S2,cylinder,149,654,506,-0.1606585830450058,-0.1606585830450058,fish
nadia,linear,14,9,S1,cylinder,246,654,409,0.10283996164798737,0.10283996164798737,fish
nadia,linear,14,9,S4,cylinder,226,654,429,-0.6084873676300049,-0.6084873676300049,fish
nadia,linear,14,11,S2,cylinder,253,398,146,0.5315008759498596,0.5315008759498596,cylinder
nadia,linear,14,11,S1,cylinder,189,398,210,0.16613619029521942,0.16613619029521942,fish
nadia,linear,14,12,S2,cylinder,137,288,152,0.8630444407463074,0.8630444407463074,cylinder
nadia,linear,14,13,S2,cylinder,138,298,161,0.5081396102905273,0.5081396102905273,cylinder
nadia,linear,14,13,S1,cylinder,67,298,232,0.28626400232315063,0.28626400232315063,fish
nadia,linear,15,2,S2,cylinder,244,428,185,0.9855677485466003,0.9855677485466003,cylinder
nadia,linear,15,3,S2,cylinder,279,398,120,0.9917761087417603,0.9917761087417603,cylinder
nadia,linear,15,3,S4,cylinder,158,277,120,1.1194273233413696,1.1194273233413696,cylinder
nadia,linear,15,4,S2,cylinder,182,303,122,0.39106887578964233,0.39106887578964233,fish
nadia,linear,15,5,S2,cylinder,181,373,193,0.5577656030654907,0.5577656030654907,cylinder
nadia,linear,15,6,S2,cylinder,110,216,107,0.8777291774749756,0.8777291774749756,cylinder
nadia,linear,15,6,S1,cylinder,193,298,106,0.8586113452911377,0.8586113452911377,cylinder
nadia,linear,15,7,S2,cylinder,136,298,163,-0.057038262486457825,-0.057038262486457825,fish
nadia,linear,15,8,S2,cylinder,108,348,241,-0.12786360085010529,-0.12786360085010529,fish
nadia,linear,15,9,S2,cylinder,164,348,185,0.5757790207862854,0.5757790207862854,cylinder
nadia,linear,15,10,S2,cylinder,302,499,198,0.1429687887430191,0.1429687887430191,fish
nadia,linear,16,2,S2,cylinder,79,318,240,0.3372589945793152,0.3372589945793152,fish
nadia,linear,16,2,S1,cylinder,191,315,125,0.6465020179748535,0.6465020179748535,cylinder
nadia,linear,16,3,S2,cylinder,192,398,207,0.514252781867981,0.514252781867981,cylinder
nadia,linear,16,3,S1,cylinder,106,398,293,0.4590415954589844,0.4590415954589844,fish
nadia,linear,16,5,S2,cylinder,196,423,228,-0.28254765272140503,-0.28254765272140503,fish
nadia,linear,16,5,S1,cylinder,151,252,102,-0.3856651186943054,-0.3856651186943054,fish
nadia,linear,16,6,S2,cylinder,93,214,122,0.7963497042655945,0.7963497042655945,cylinder
nadia,linear,16,6,S1,cylinder,168,313,146,1.0948807001113892,1.0948807001113892,cylinder
nadia,linear,16,7,S2,cylinder,238,449,212,0.117523193359375,0.117523193359375,fish
nadia,linear,16,7,S1,cylinder,172,449,278,0.6146284341812134,0.6146284341812134,cylinder
nadia,linear,16,8,S2,cylinder,185,764,580,0.8495640158653259,0.8495640158653259,cylinder
nadia,linear,16,8,S1,cylinder,310,479,170,0.1950739026069641,0.1950739026069641,fish
nadia,linear,16,8,S1,cylinder,608,764,157,0.821317195892334,0.821317195892334,cylinder
nadia,linear,16,8,S4,cylinder,476,764,289,0.7324783205986023,0.7324783205986023,cylinder
nadia,linear,17,3,S2,cylinder,198,373,176,0.19156412780284882,0.19156412780284882,fish
nadia,linear,17,3,S1,cylinder,99,296,198,0.4045599699020386,0.4045599699020386,fish
nadia,linear,17,4,S2,cylinder,57,307,251,0.5562744140625,0.5562744140625,cylinder
nadia,linear,17,4,S1,cylinder,170,307,138,0.6188358664512634,0.6188358664512634,cylinder
nadia,linear,17,5,S2,cylinder,112,298,187,-0.0404864102602005,-0.0404864102602005,fish
nadia,linear,17,5,S1,cylinder,60,298,239,-0.36494797468185425,-0.36494797468185425,fish
nadia,linear,17,6,S2,cylinder,171,689,519,-0.016232237219810486,-0.016232237219810486,fish
nadia,linear,17,6,S1,cylinder,256,423,168,0.7974251508712769,0.7974251508712769,cylinder
nadia,linear,17,6,S1,cylinder,489,689,201,0.027867332100868225,0.027867332100868225,fish
nadia,linear,17,6,S4,cylinder,343,689,347,1.59317147731781,1.59317147731781,cylinder
nadia,linear,18,3,S2,cylinder,222,474,253,0.26404643058776855,0.26404643058776855,fish
nadia,linear,18,3,S1,cylinder,126,421,296,0.5512930750846863,0.5512930750846863,cylinder
nadia,linear,18,4,S2,cylinder,174,323,150,0.5794786810874939,0.5794786810874939,cylinder
nadia,linear,18,5,S2,cylinder,260,474,215,-0.3860017657279968,-0.3860017657279968,fish
nadia,linear,18,5,S1,cylinder,162,474,313,0.27878785133361816,0.27878785133361816,fish
nadia,linear,18,6,S2,cylinder,202,376,175,0.3903992176055908,0.3903992176055908,fish
nadia,linear,18,6,S1,cylinder,232,376,145,0.7850247621536255,0.7850247621536255,cylinder
nadia,linear,18,7,S2,cylinder,210,449,240,0.4089035987854004,0.4089035987854004,fish
nadia,linear,18,7,S1,cylinder,122,449,328,0.05891597270965576,0.05891597270965576,fish
nadia,linear,18,8,S2,cylinder,249,408,160,0.301568865776062,0.301568865776062,fish
nadia,linear,18,11,S2,cylinder,250,461,212,0.6652741432189941,0.6652741432189941,cylinder
nadia,linear,18,11,S1,cylinder,333,462,130,0.29385462403297424,0.29385462403297424,fish
nadia,linear,18,13,S2,cylinder,142,398,257,0.4794142246246338,0.4794142246246338,fish
nadia,linear,18,13,S1,cylinder,92,280,189,-0.4450439214706421,-0.4450439214706421,fish
nadia,linear,22,1,S2,cylinder,200,423,224,0.7422268390655518,0.7422268390655518,cylinder
nadia,linear,22,1,S1,cylinder,144,423,280,-0.034183964133262634,-0.034183964133262634,fish
nadia,linear,22,1,S4,cylinder,100,423,324,0.35471200942993164,0.35471200942993164,fish
nadia,linear,22,2,S2,cylinder,75,247,173,0.5676142573356628,0.5676142573356628,cylinder
nadia,linear,22,3,S2,cylinder,166,373,208,0.4732150435447693,0.4732150435447693,fish
nadia,linear,22,4,S2,cylinder,128,229,102,-0.29009872674942017,-0.29009872674942017,fish
nadia,linear,23,8,S2,cylinder,255,383,129,0.8728973865509033,0.8728973865509033,cylinder
nadia,linear,23,11,S2,cylinder,192,330,139,1.0482228994369507,1.0482228994369507,cylinder
nadia,linear,23,20,S2,cylinder,139,263,125,1.1814899444580078,1.1814899444580078,cylinder
nadia,linear,24,10,S2,cylinder,263,617,355,0.90662682056427,0.90662682056427,cylinder
nadia,linear,24,10,S1,cylinder,166,475,310,0.12421554327011108,0.12421554327011108,fish
nadia,linear,25,5,S2,cylinder,215,418,204,0.7422130703926086,0.7422130703926086,cylinder
nadia,linear,27,6,S2,cylinder,230,449,220,0.11311374604701996,0.11311374604701996,fish
nadia,linear,27,6,S1,cylinder,162,449,288,-0.44241863489151,-0.44241863489151,fish
nadia,linear,27,6,S4,cylinder,132,312,181,0.41950523853302,0.41950523853302,fish
nadia,linear,27,8,S2,cylinder,201,398,198,0.15548160672187805,0.15548160672187805,fish
nadia,linear,27,8,S4,cylinder,79,374,296,0.1479775458574295,0.1479775458574295,fish
nadia,linear,27,9,S2,cylinder,298,398,101,0.34209907054901123,0.34209907054901123,fish
nadia,linear,27,9,S4,cylinder,121,389,269,1.4692186117172241,1.4692186117172241,cylinder
nadia,linear,28,7,S2,cylinder,226,373,148,0.31819385290145874,0.31819385290145874,fish
nadia,linear,28,7,S1,cylinder,156,301,146,0.8370398283004761,0.8370398283004761,cylinder
nadia,linear,29,4,S1,cylinder,330,449,120,-0.02549855411052704,-0.02549855411052704,fish
nadia,linear,29,4,S4,cylinder,109,449,341,0.5298234820365906,0.5298234820365906,cylinder
nadia,linear,29,7,S2,cylinder,189,373,185,0.47552746534347534,0.47552746534347534,fish
nadia,linear,29,7,S1,cylinder,149,301,153,0.6781131029129028,0.6781131029129028,cylinder
nadia,linear,29,10,S2,cylinder,141,298,158,0.5734301805496216,0.5734301805496216,cylinder
nadia,linear,29,10,S1,cylinder,87,298,212,0.34311816096305847,0.34311816096305847,fish
nadia,linear,29,15,S2,cylinder,145,323,179,0.17092926800251007,0.17092926800251007,fish
nadia,linear,29,15,S1,cylinder,99,323,225,0.15042366087436676,0.15042366087436676,fish
nadia,linear,29,19,S2,cylinder,139,258,120,0.9013857245445251,0.9013857245445251,cylinder
nadia,linear,29,20,S2,cylinder,98,224,127,0.5976383686065674,0.5976383686065674,cylinder
nadia,linear,29,20,S1,cylinder,60,224,165,-0.1330009549856186,-0.1330009549856186,fish
nadia,linear,30,3,S2,cylinder,210,423,214,0.9345252513885498,0.9345252513885498,cylinder
nadia,linear,30,3,S1,cylinder,145,423,279,0.534013569355011,0.534013569355011,cylinder
nadia,linear,30,4,S2,cylinder,79,303,225,0.5689554214477539,0.5689554214477539,cylinder
nadia,linear,30,4,S1,cylinder,170,303,134,0.03283901512622833,0.03283901512622833,fish
nadia,linear,30,5,S2,cylinder,177,385,209,0.49266117811203003,0.49266117811203003,fish
nadia,linear,30,5,S1,cylinder,146,314,169,-0.014079436659812927,-0.014079436659812927,fish
nadia,linear,30,6,S2,cylinder,157,263,107,0.667572557926178,0.667572557926178,cylinder
nadia,linear,30,18,S2,cylinder,111,649,539,0.6367148756980896,0.6367148756980896,cylinder
nadia,linear,30,18,S1,cylinder,213,649,437,0.13700440526008606,0.13700440526008606,fish
nadia,linear,30,18,S4,cylinder,399,649,251,-0.14830248057842255,-0.14830248057842255,fish
nadia,linear,30,20,S2,cylinder,139,269,131,0.4187775254249573,0.4187775254249573,fish
nadia,linear,31,2,S2,cylinder,145,323,179,0.6263038516044617,0.6263038516044617,cylinder
nadia,linear,31,2,S1,cylinder,81,323,243,0.5542699098587036,0.5542699098587036,cylinder
nadia,linear,33,11,S2,cylinder,187,398,212,0.3180808424949646,0.3180808424949646,fish
nadia,linear,35,11,S2,cylinder,154,343,190,0.575049102306366,0.575049102306366,cylinder
nadia,linear,35,12,S2,cylinder,173,348,176,0.7624422311782837,0.7624422311782837,cylinder
nadia,linear,35,12,S1,cylinder,89,348,260,0.9687440395355225,0.9687440395355225,cylinder
nadia,linear,40,1,S2,cylinder,336,674,339,0.7036292552947998,0.7036292552947998,cylinder
nadia,linear,40,1,S1,cylinder,49,338,290,1.3125909566879272,1.3125909566879272,cylinder
nadia,linear,40,1,S4,cylinder,139,674,536,1.626672387123108,1.626672387123108,cylinder
nadia,linear,40,3,S2,cylinder,143,343,201,0.23341712355613708,0.23341712355613708,fish
nadia,linear,40,3,S1,cylinder,226,343,118,-0.40130484104156494,-0.40130484104156494,fish
nadia,linear,40,4,S2,cylinder,149,323,175,0.29077035188674927,0.29077035188674927,fish
nadia,linear,40,4,S1,cylinder,74,323,250,0.12382705509662628,0.12382705509662628,fish
nadia,linear,40,9,S2,cylinder,77,236,160,0.5407808423042297,0.5407808423042297,cylinder
nadia,linear,40,10,S2,cylinder,140,323,184,0.5086624622344971,0.5086624622344971,cylinder
nadia,linear,40,10,S1,cylinder,96,323,228,0.7048841118812561,0.7048841118812561,cylinder
